first_name,last_name,pesel,email,phone,addres,birth_date
Marcus,Reid,92041891068,marcus.reid@gmail.com,+1-397-498-0685x693,"1677 Mitchell Lake, Lucasshire, NH 77362",1992-04-18
Joseph,Perez,04090522512,joseph.perez@yahoo.com,(291)395-7826x656,"48050 Peters Inlet, West Mandyfort, FM 47744",2004-09-05
Alexander,Crawford,51042537606,alexander.crawford@yahoo.com,(597)795-3917,"31733 Wilson Rue, Kingville, IN 68238",1951-04-25
Amber,Clark,57081522013,amber.clark@gmail.com,264.313.8914x03215,"62740 Amber Summit, Jillfurt, LA 85657",1957-08-15
Sheila,Castaneda,95070274175,sheila.castaneda@gmail.com,(419)227-0119,"205 Kline Squares Suite 617, West Whitney, OK 90992",1995-07-02
Mary,Campbell,86010126632,mary.campbell@hotmail.com,8274027230,"PSC 2799, Box 0568, APO AP 46804",1986-01-01
Heather,Hendrix,96031395896,heather.hendrix@yahoo.com,924.306.4232,"4208 Clark Coves, West Kellyfort, MD 43416",1996-03-13
Todd,Green,67060584118,todd.green@yahoo.com,+1-444-267-9696,"858 Nichols Manor, Lake Eric, MO 23340",1967-06-05
Tyler,Mclean,90010357497,tyler.mclean@hotmail.com,+1-997-351-6877x75631,"802 Caldwell Freeway, Jeremyborough, PW 48539",1990-01-03
Mary,Hawkins,77081339702,mary.hawkins@hotmail.com,283-959-3635x19198,"28625 Angela Rapids, North Angela, VI 89053",1977-08-13
Melissa,Turner,54071947149,melissa.turner@hotmail.com,(616)558-3520x139,"5364 Jeffrey Terrace Suite 751, Ericksonborough, OH 48854",1954-07-19
Jessica,Schroeder,75092222425,jessica.schroeder@hotmail.com,654-297-8868x793,"552 Dillon Way Apt. 114, North Timothy, AS 25015",1975-09-22
Charlotte,Parker,67030272360,charlotte.parker@yahoo.com,522-586-3528x30888,"Unit 0215 Box 5768, DPO AP 43851",1967-03-02
James,Noble,83121323238,james.noble@hotmail.com,+1-774-904-3624x7982,"0313 Sydney Circle, Lindaberg, NM 50884",1983-12-13
Barbara,Diaz,51051048202,barbara.diaz@hotmail.com,+1-578-630-8317,"698 Drake Fords Suite 674, Beverlychester, FM 62361",1951-05-10
Jonathan,Villegas,73052048987,jonathan.villegas@yahoo.com,+1-643-872-3186x529,"868 Stone Station Apt. 421, Jonesfort, WY 78395",1973-05-20
Shirley,Flynn,96072559952,shirley.flynn@yahoo.com,403.789.1456x0455,"9671 Andrew Lock Apt. 130, Aliciaport, LA 96740",1996-07-25
Meredith,Young,72113062562,meredith.young@hotmail.com,910-793-6671,"USNV Alvarez, FPO AA 55962",1972-11-30
David,Bradshaw,63100727330,david.bradshaw@hotmail.com,001-486-540-5074x54927,"551 Patrick Manors, Markside, NM 85914",1963-10-07
Jason,Herrera,57081456942,jason.herrera@gmail.com,(332)452-5898x28793,"842 Logan Plains, New Hannahbury, IA 95750",1957-08-14
Patricia,Villegas,64101077418,patricia.villegas@hotmail.com,862.869.6305,"00135 Joel Pass, Mcleanshire, OK 86780",1964-10-10
Daniel,Zamora,03012587191,daniel.zamora@hotmail.com,001-606-405-3000,"084 Christine Branch, Reyeshaven, MI 39324",2003-01-25
Charles,Johnson,66070378692,charles.johnson@hotmail.com,332.252.2572x687,"5374 Flores Gateway Suite 266, Stephanieland, AS 64721",1966-07-03
Laura,Leonard,73082993486,laura.leonard@hotmail.com,(929)729-4791x875,"695 Manuel Coves, New Benjaminburgh, ID 92822",1973-08-29
Jason,Rivas,95061491218,jason.rivas@hotmail.com,627.427.1746,"236 Taylor Ford, Teresastad, MP 94458",1995-06-14
Eric,Zhang,72021664920,eric.zhang@yahoo.com,001-454-499-1320x8191,"12702 Ethan Stravenue Suite 514, Reyesburgh, ME 21706",1972-02-16
John,Oconnor,86012850785,john.oconnor@hotmail.com,(883)734-7838,"5177 Krista Inlet Apt. 688, Port Beth, FM 87433",1986-01-28
Amanda,Salinas,64122119692,amanda.salinas@hotmail.com,001-666-758-8364,"226 Snyder Mission, Port Richard, MD 73749",1964-12-21
Katie,Russell,87102560931,katie.russell@yahoo.com,+1-714-688-9535x573,"0711 Dunn Estates, West Joychester, LA 82381",1987-10-25
Christopher,Torres,66062090180,christopher.torres@gmail.com,(747)998-9860x609,"15023 Gilmore Valley Apt. 280, South Laurie, MI 52391",1966-06-20
Katherine,Stephens,99122119993,katherine.stephens@yahoo.com,3074867737,"1216 Johnson Shore Suite 288, Flemingberg, SC 49990",1999-12-21
Taylor,Murphy,87091179134,taylor.murphy@hotmail.com,866-405-6989x187,"022 Amanda Run Suite 713, Cannonshire, SD 44858",1987-09-11
Luis,Gonzalez,51031214993,luis.gonzalez@yahoo.com,839-355-9675,"87850 Fox Centers Apt. 234, Lake Karen, KS 05604",1951-03-12
Michelle,Hall,65031955283,michelle.hall@gmail.com,419-649-9234x5586,"962 Sara Parks Suite 212, East Amanda, LA 24908",1965-03-19
Anthony,Hoover,74030310945,anthony.hoover@gmail.com,+1-630-910-3907x151,"5822 Shepherd Crest Apt. 679, North Joshuaport, AS 51138",1974-03-03
Leslie,Lowery,67110685732,leslie.lowery@gmail.com,427.329.6683,"4051 James Circles Apt. 852, South Robert, IA 95939",1967-11-06
Donald,Stewart,86110783035,donald.stewart@gmail.com,+1-871-994-5457x7729,"029 Hays Divide Apt. 802, Portermouth, CO 44139",1986-11-07
John,Duncan,94082193367,john.duncan@hotmail.com,001-236-570-2785x9368,"46535 Hernandez Terrace Apt. 620, Johnsonville, SC 22568",1994-08-21
Joseph,Gonzalez,77031593463,joseph.gonzalez@gmail.com,991.940.0500x4302,"32953 Kyle Creek, South Julie, MH 24382",1977-03-15
Carol,Barnes,49021729992,carol.barnes@yahoo.com,5739007617,"0568 Mcdowell Trail Suite 418, Teresaville, AZ 95350",1949-02-17
Nicole,Campbell,85120693689,nicole.campbell@hotmail.com,837-760-0978,"PSC 9257, Box 1005, APO AE 66532",1985-12-06
Debra,Vargas,48051084934,debra.vargas@hotmail.com,762-901-6566,"Unit 9304 Box 2216, DPO AP 19893",1948-05-10
Bobby,Odonnell,01091426408,bobby.odonnell@hotmail.com,356.805.9019x687,"3375 Franklin Courts Suite 239, South Jody, ND 25117",2001-09-14
James,Novak,62030262238,james.novak@yahoo.com,305-221-6678,"39200 Kristen Points, Travisfort, OH 34823",1962-03-02
Andrew,Romero,87061156030,andrew.romero@yahoo.com,001-568-917-0989,"0156 Lori Wall, Lisamouth, FM 41763",1987-06-11
Kathleen,Casey,61051310653,kathleen.casey@yahoo.com,001-846-947-8453x4441,"1565 Reynolds Circle, Shirleybury, OH 29860",1961-05-13
Garrett,Jones,,garrett.jones@yahoo.com,(674)517-0450,"74113 Jorge Ville, Cohenton, MI 69758",1982-05-24
Lisa,Sullivan,03091834042,lisa.sullivan@gmail.com,649-876-4212,"694 William Club, Lake Veronicaport, WI 68777",2003-09-18
Michael,Patel,82031255459,michael.patel@hotmail.com,773-542-0581x784,"398 Howard Stravenue Suite 917, South Lauraside, VT 41628",1982-03-12
Taylor,Wells,66071835593,taylor.wells@gmail.com,507-924-9622x595,"5362 Bullock Burgs, New Aaronfort, KY 01626",1966-07-18
Crystal,Martin,80122584974,crystal.martin@yahoo.com,383-546-3563x67960,"0609 Jasmine Station, West Jamesview, IN 16576",1980-12-25
Christopher,Lee,88041198604,christopher.lee@gmail.com,704.503.8468,"1384 Francis Key, North Elizabeth, AZ 41232",1988-04-11
Norman,Murphy,85020398909,norman.murphy@gmail.com,+1-551-662-9821,"6558 Bradley Mission, Phillipsshire, SC 61333",1985-02-03
Bonnie,Peterson,58010944323,bonnie.peterson@yahoo.com,9825405547,"20400 Vaughan Stream Suite 532, North Tylermouth, MH 22431",1958-01-09
Brian,Mcbride,03013181077,brian.mcbride@yahoo.com,001-510-847-2650x01218,"33728 Brian Village, West Roberta, DE 14778",2003-01-31
John,Dominguez,76111723523,john.dominguez@yahoo.com,+1-589-601-9854x7765,"588 James Passage, Elizabethmouth, CO 12373",1976-11-17
Holly,Lopez,72122938869,holly.lopez@gmail.com,544.987.2333x76119,"487 Ashley Via Suite 296, Wellsburgh, VI 69381",1972-12-29
Paul,Morgan,79070831420,paul.morgan@gmail.com,(308)694-1734x967,"26007 Alexis Plaza, Faulknermouth, TX 06212",1979-07-08
Wyatt,Flores,75122858067,wyatt.flores@yahoo.com,846.825.0015x94491,"6585 Young Trail Apt. 291, South Tiffanymouth, CA 03372",1975-12-28
Brenda,Brown,52050660841,brenda.brown@yahoo.com,(623)543-8302,"542 Annette Trail Apt. 462, New Robert, MD 90985",1952-05-06
Andrew,Rodriguez,82120279289,andrew.rodriguez@yahoo.com,(363)340-7443x66405,"361 Tanya Overpass, Brittanyport, NY 81906",1982-12-02
Heidi,Boyer,84052291096,heidi.boyer@hotmail.com,+1-224-265-7799x92922,"15341 Johnson Branch Suite 051, Paulland, MN 96505",1984-05-22
Robert,Roberts,70051497656,robert.roberts@yahoo.com,(840)221-8396,"9795 Kevin Fort, Lake Julieport, MD 69561",1970-05-14
Gregory,Reed,88050790350,gregory.reed@gmail.com,9565257874,"95777 Elizabeth Avenue Apt. 651, Lake Veronicastad, WV 46628",1988-05-07
Ethan,Duncan,06080566455,ethan.duncan@yahoo.com,(461)725-9966x5637,"8278 Pennington Rue Apt. 622, Christophermouth, SD 46365",2006-08-05
Suzanne,Long,69062049361,suzanne.long@yahoo.com,265.968.1089x28990,"56224 Tabitha Overpass Suite 370, West Kristahaven, MO 46055",1969-06-20
Timothy,Smith,49051864679,timothy.smith@yahoo.com,350-881-1090x4356,"270 King Dale Suite 605, North Jasonfurt, GU 80837",1949-05-18
Monica,Miles,60022325870,monica.miles@gmail.com,889.927.6167,"65627 Lopez Land, New Robert, TX 62018",1960-02-23
Maria,Cooper,93032929347,maria.cooper@gmail.com,605-953-8978,"881 Jacob View, West Kennethland, VA 64659",1993-03-29
Megan,Wang,97102538873,megan.wang@hotmail.com,4025878231,"4126 Anne Fords Suite 551, Port Philip, WA 17954",1997-10-25
Frances,Garcia,56040316677,frances.garcia@hotmail.com,437.520.0493x345,"38250 Robert Path Suite 571, Lake Jackmouth, VI 17151",1956-04-03
Michele,Olson,75010519468,michele.olson@yahoo.com,449.578.5935x369,"5644 Benjamin Causeway Apt. 831, North Scottmouth, VA 31000",1975-01-05
Jenny,Durham,91122861424,jenny.durham@yahoo.com,(917)200-5308x290,"5130 Jacob Ridges Suite 722, Loveland, MH 43356",1991-12-28
Jesse,Sawyer,56071459737,jesse.sawyer@yahoo.com,(237)208-2355x5510,"0574 Marquez Crest Suite 788, North Anthonyside, ME 56026",1956-07-14
Christopher,Morrow,89051419621,christopher.morrow@hotmail.com,+1-643-218-7889x18401,"16482 Kevin Crossing, Lake Antonio, NE 60253",1989-05-14
Jason,Tran,45113062517,jason.tran@yahoo.com,4099053525,"4848 John Curve Suite 620, Jenniferstad, IL 89362",1945-11-30
Carolyn,Carter,78100258857,carolyn.carter@yahoo.com,001-671-646-0378x25423,"82756 Melanie Stream, Tamaraborough, NV 07042",1978-10-02
Matthew,Cox,60101971815,,919-893-0156x720,"31047 James Row Suite 344, West Rosestad, KS 60136",1960-10-19
Jaime,Johnson,96061358227,jaime.johnson@gmail.com,339.667.6686x162,"82316 Nguyen Estate Apt. 930, South Andreaburgh, AR 75424",1996-06-13
Hannah,Walker,53061534476,hannah.walker@yahoo.com,403.271.7147x2964,"722 Elizabeth Plains, New Brianmouth, FL 96871",1953-06-15
Emily,Aguilar,04052761813,emily.aguilar@gmail.com,298-372-1083x1174,"41086 Good Plaza Apt. 548, Karenbury, VT 68414",2004-05-27
Katherine,Bell,63070390933,katherine.bell@gmail.com,252.488.3258x976,"PSC 6516, Box 1032, APO AA 69236",1963-07-03
Scott,Proctor,93053046856,scott.proctor@yahoo.com,621.966.8974,"075 Maynard Creek, Josephstad, PA 44009",1993-05-30
John,Allen,51031271415,john.allen@hotmail.com,001-570-554-9636x68419,"5711 Terry Prairie Apt. 575, Currystad, KS 79831",1951-03-12
Sean,Good,71050645659,sean.good@yahoo.com,637-717-5601,"7553 Robert Lodge, Ruizbury, DE 08428",1971-05-06
Erin,Rodriguez,62080436580,erin.rodriguez@gmail.com,202-379-6839,"71945 Jennifer Pine Suite 975, Hallchester, MO 61348",1962-08-04
Brandon,Frazier,67032212160,brandon.frazier@hotmail.com,001-393-528-6496x466,"1130 Baker Drive, Petersenfort, MI 10244",1967-03-22
Jason,Reese,80070792898,jason.reese@yahoo.com,(723)490-8538x7019,"37595 Walker Courts Apt. 580, Jonesview, DC 43891",1980-07-07
Dennis,Adams,57021690085,dennis.adams@yahoo.com,4676403996,"Unit 6956 Box 3019, DPO AE 01433",1957-02-16
Brian,Boyd,65103067238,brian.boyd@gmail.com,645-810-7154x76766,"Unit 5226 Box 4272, DPO AP 29305",1965-10-30
Timothy,Gutierrez,87062554610,timothy.gutierrez@gmail.com,713-910-3053,"8603 Russo Vista Apt. 918, West Andrew, AL 15404",1987-06-25
Julie,Turner,78011365919,julie.turner@hotmail.com,578.912.0066,"3980 Bradshaw Crossroad Apt. 802, East Monicaburgh, PR 63120",1978-01-13
Zachary,Mendoza,71071844482,zachary.mendoza@gmail.com,(718)880-2986,"0440 Kim Ville Apt. 046, Josefort, NE 36073",1971-07-18
Laura,Hammond,53041270739,laura.hammond@yahoo.com,(670)788-7127,"359 Cook Island Suite 049, Nguyenstad, OH 16342",1953-04-12
James,Parks,52080679664,james.parks@yahoo.com,001-923-635-0831x656,"5000 Alex Row Suite 411, Kimberlybury, UT 85032",1952-08-06
Amy,Rasmussen,00090319629,amy.rasmussen@gmail.com,+1-971-976-2058x287,"398 Nelson Ridges, New Melissa, MT 10324",2000-09-03
Jason,Henson,48091836128,jason.henson@gmail.com,938.795.6417x762,"2177 Patel Port Apt. 178, Robertsland, HI 87763",1948-09-18
Jessica,Wiggins,72031692025,jessica.wiggins@yahoo.com,001-227-359-6160x788,"63647 Elizabeth Vista, Adamston, HI 99840",1972-03-16
Matthew,Miller,73122945928,matthew.miller@yahoo.com,3805481016,"4341 Owens Villages, Turnermouth, OH 31921",1973-12-29
Taylor,Boyer,02010898592,taylor.boyer@hotmail.com,+1-757-454-6818x781,"00496 Tina Square, Ashleyville, NH 18047",2002-01-08
Stephen,Robertson,82052253597,stephen.robertson@yahoo.com,324-827-6122,"38485 Murray Track Suite 817, Adkinsfurt, MI 86320",1982-05-22
Todd,Manning,99092959678,todd.manning@gmail.com,845-703-6003x0024,"5265 Joseph Manor Suite 207, Port Alyssa, PA 81905",1999-09-29
Kimberly,Mitchell,02122623953,kimberly.mitchell@gmail.com,382-736-9885,"770 Clark Avenue, Jimenezstad, NH 76745",2002-12-26
Christina,Johnson,46012135546,christina.johnson@hotmail.com,001-400-869-9810x122,"1964 Paul Drives, Jonathanland, KY 55988",1946-01-21
Bonnie,Aguirre,51050476455,bonnie.aguirre@hotmail.com,001-234-363-7640x3595,"96684 Ross Points Apt. 455, East Timothyville, ID 78986",1951-05-04
Marcus,Hall,85010325009,marcus.hall@yahoo.com,(228)584-6753,"30347 Kyle View, Angelaville, NV 74084",1985-01-03
Donald,Benton,74032316305,donald.benton@gmail.com,(568)285-0134x147,"1087 Anderson Courts, Taylorhaven, OH 29194",1974-03-23
Amanda,Stewart,86110790366,amanda.stewart@gmail.com,721.434.5947,"0900 Castillo Common Apt. 729, Graceview, CO 54966",1986-11-07
Christopher,Mccarthy,50092750073,christopher.mccarthy@gmail.com,001-393-614-5200,"51020 Theresa Knolls Suite 650, Port Derrickton, IN 93682",1950-09-27
Geoffrey,Rasmussen,04022178885,geoffrey.rasmussen@gmail.com,706.360.3342x2677,"65788 Kimberly Forest Apt. 136, Oliverstad, ME 26294",2004-02-21
James,Sweeney,83100685606,james.sweeney@gmail.com,+1-566-965-5091x863,"599 Jose Turnpike, Melissaborough, NV 66598",1983-10-06
Crystal,Taylor,60040669062,crystal.taylor@gmail.com,+1-293-951-0702x0191,"4796 Robert Roads, West Melinda, MN 40504",1960-04-06
Michelle,Davis,66042042104,michelle.davis@hotmail.com,682.895.1079x8433,"1632 Kimberly Grove, South John, MO 37698",1966-04-20
Andrea,Griffith,91031645077,andrea.griffith@gmail.com,+1-248-592-7302,"43726 Joyce Dale Apt. 188, New Danielbury, ID 40762",1991-03-16
Sarah,Byrd,68020819458,sarah.byrd@yahoo.com,564-480-6057x845,"726 Martin Park, Snyderton, DE 04408",1968-02-08
Tanner,May,03080475567,tanner.may@yahoo.com,+1-500-655-6279x267,,2003-08-04
Catherine,Velazquez,77072639850,catherine.velazquez@hotmail.com,001-540-503-7663x39631,"PSC 9323, Box 3089, APO AE 52936",1977-07-26
David,Villanueva,95041019300,david.villanueva@gmail.com,324-276-4503x3971,"665 Justin Cove Apt. 898, Kyleside, AK 92944",1995-04-10
Aaron,Cantrell,58011933871,aaron.cantrell@gmail.com,(859)508-8785x2920,"576 Carlos Grove, Jenniferchester, ID 30626",1958-01-19
Steven,Thomas,86042785528,steven.thomas@yahoo.com,725-857-5099,"6256 Kaitlyn Cape Suite 096, Johnsonview, FM 15373",1986-04-27
Daniel,Nelson,90121743619,daniel.nelson@yahoo.com,+1-968-765-9546x587,"15424 Barrett Inlet Apt. 679, Lake Mariaview, SD 64638",1990-12-17
Linda,Burgess,81091379356,linda.burgess@gmail.com,2162637949,"984 Torres Cliffs, Port Robert, PA 77233",1981-09-13
Jesse,Williams,53110660481,jesse.williams@gmail.com,(581)600-7670x0215,"USNV Mccarthy, FPO AP 53934",1953-11-06
Kylie,Anderson,93121522632,kylie.anderson@hotmail.com,(860)323-1934x68814,"4688 Sandoval Dale Apt. 264, South John, NE 68544",1993-12-15
Brandy,Snow,65052666763,brandy.snow@yahoo.com,682.671.5506,"7550 Shepard Union Apt. 325, Ericville, MH 06540",1965-05-26
Christopher,Bishop,49102942041,christopher.bishop@hotmail.com,(651)233-0714x7962,"9444 Tran Islands, New Jasonborough, GU 08583",1949-10-29
Brian,Fowler,63081718702,brian.fowler@yahoo.com,7506536364,"56926 John Heights Suite 712, East Daisy, MT 99080",1963-08-17
Christina,Tapia,99042061459,christina.tapia@gmail.com,587.851.0881,"PSC 9804, Box 8830, APO AP 70001",1999-04-20
John,Howard,63101532936,john.howard@yahoo.com,+1-405-902-2894,"545 Watts Dale Suite 753, Mccoyberg, SD 00710",1963-10-15
Jeffrey,Adams,58030543818,jeffrey.adams@yahoo.com,561-438-6671x12229,"486 Marsh Forks Apt. 724, Port Adam, MS 13865",1958-03-05
Gabriel,Brown,65030584373,,+1-883-989-5269x824,"5301 Harris Rapids Apt. 859, Wallacemouth, IN 12746",1965-03-05
Robert,Anderson,79041654192,robert.anderson@hotmail.com,4462891209,"272 Heather Plain Suite 656, Mckenziebury, AR 20393",1979-04-16
Susan,Hicks,53051013274,susan.hicks@hotmail.com,+1-245-217-7800x168,"31229 Emily View Suite 183, Lake Kenneth, IL 52345",1953-05-10
Stephen,Alexander,78011161101,stephen.alexander@gmail.com,9744252507,"2836 Karen Drive Suite 772, South Lisastad, MO 17980",1978-01-11
Jacob,Carr,70121551780,jacob.carr@yahoo.com,(636)750-7377x994,"105 Juan Landing, New Kimberly, CO 20186",1970-12-15
Joshua,Salazar,01092476387,joshua.salazar@yahoo.com,716-787-3500x151,"677 Courtney Key Suite 810, Christineburgh, SD 66549",2001-09-24
Margaret,Moore,97053178099,margaret.moore@yahoo.com,+1-470-963-3025x05850,"748 Henry Hills Apt. 906, Laurenshire, NC 33094",1997-05-31
Ashlee,Reynolds,54031085046,ashlee.reynolds@hotmail.com,348.238.9403x749,"3624 Edwards Mill, Allisonborough, CO 76633",1954-03-10
Cody,Schwartz,69033044399,cody.schwartz@gmail.com,506.758.9915,"930 Pennington Shore Suite 771, New Kellyville, AL 89616",1969-03-30
Sean,Christian,88091175139,sean.christian@gmail.com,370.448.4620,"USCGC Valentine, FPO AP 75495",1988-09-11
Curtis,Perkins,88081293731,curtis.perkins@gmail.com,3525673121,"768 Dixon Crescent Suite 398, Port Amandabury, MS 61443",1988-08-12
Brandon,Taylor,91012466297,brandon.taylor@gmail.com,585.695.0495x7186,"246 Natasha Neck, East Justinside, SD 28794",1991-01-24
Rachel,Gonzalez,45101184086,rachel.gonzalez@hotmail.com,(964)921-9035x56500,"PSC 0811, Box 0746, APO AA 82317",1945-10-11
Andrew,Jenkins,47011772751,andrew.jenkins@hotmail.com,990-552-5866,"Unit 3474 Box 1940, DPO AP 12474",1947-01-17
Kyle,Branch,94050437420,kyle.branch@gmail.com,568.920.8134x588,"766 Joseph Haven, South Coreytown, PA 78995",1994-05-04
Paul,Oneill,88111863056,paul.oneill@gmail.com,304.642.6050x23947,"8119 Brock Unions Apt. 133, Sanchezborough, DE 74808",1988-11-18
Frank,George,95122229039,frank.george@yahoo.com,(939)658-4475,"906 Hayley Mount, Robinsontown, WV 19965",1995-12-22
Christopher,Jennings,52110378380,christopher.jennings@yahoo.com,282-849-9839,"88315 Smith Corners, Port Jessicabury, WY 45243",1952-11-03
Joseph,Le,91121318951,joseph.le@yahoo.com,+1-897-764-7286,"41142 Smith Mount, Adamview, AR 76374",1991-12-13
Dylan,Riggs,01102193722,dylan.riggs@gmail.com,(782)794-3390x985,"3822 Herman Roads Apt. 320, North Elizabethbury, AZ 90091",2001-10-21
Erik,Lee,71070355023,erik.lee@hotmail.com,+1-333-475-1709x288,"6411 Perkins Crest Apt. 927, Lake Johnton, RI 77344",1971-07-03
Joan,Levy,89042123444,joan.levy@gmail.com,548.442.0861x551,"4368 Smith Causeway, North Johnmouth, NV 26243",1989-04-21
Shelby,Ramsey,76121135019,shelby.ramsey@yahoo.com,+1-366-267-9921,"5249 Jennifer Mews Suite 260, Ramirezville, WY 76977",1976-12-11
Melissa,Garcia,75112558422,melissa.garcia@yahoo.com,+1-960-544-6885x111,"17136 Phillips Unions, Davidhaven, RI 54883",1975-11-25
Lisa,Douglas,00101755395,lisa.douglas@yahoo.com,841-840-3886x32329,"0983 Laurie Pines, New Danafurt, AS 43202",2000-10-17
Robert,Marshall,46060814607,robert.marshall@gmail.com,(448)347-4557x806,"7266 Erin Crossroad, West Anthonyberg, MO 74937",1946-06-08
Rachel,Weber,60070658838,rachel.weber@hotmail.com,988.725.5100,"76085 John Circles Suite 928, West Valeriebury, RI 60097",1960-07-06
Lisa,Rodriguez,57122395521,lisa.rodriguez@gmail.com,+1-679-996-3472x3425,"243 Carol Pines Suite 560, Ramosstad, PW 41864",1957-12-23
Ronald,Hernandez,61060779327,ronald.hernandez@yahoo.com,9827761326,"PSC 7886, Box 9953, APO AP 03719",1961-06-07
Karen,Smith,64012644196,karen.smith@hotmail.com,800-757-4754x41229,"3149 Campbell Point, Lake Jennifer, HI 37403",1964-01-26
,Jackson,79112048559,vanessa.jackson@yahoo.com,001-321-737-9117x85543,"Unit 0761 Box 5802, DPO AP 67065",1979-11-20
Diane,Weber,69080984586,diane.weber@yahoo.com,405.210.1162x70620,"0856 Kevin Walks, Port David, MI 05228",1969-08-09
Amy,Alexander,49052656619,amy.alexander@gmail.com,651.404.7287x8495,"17406 Wilkerson Unions, South Seanville, NM 46760",1949-05-26
Elizabeth,Stafford,78020873620,elizabeth.stafford@hotmail.com,001-439-812-7186x9996,"93933 Lisa Ville Suite 836, Blanchardview, AR 89188",1978-02-08
Susan,Conner,51082330390,susan.conner@gmail.com,+1-787-676-4228x998,"4141 Wolfe Trace Apt. 148, New Christopher, RI 54421",1951-08-23
Bradley,Cortez,58042681154,bradley.cortez@gmail.com,001-853-827-7161,"0816 Joshua Mount, Zacharyside, PA 43199",1958-04-26
Tammy,Fox,88021277071,tammy.fox@gmail.com,445-831-3964x2312,"090 Barton Forest Apt. 576, South Jeffmouth, GA 41282",1988-02-12
Jared,Hudson,58082246292,jared.hudson@gmail.com,737-360-3378x056,"6210 James Path, Port Mario, GU 90465",1958-08-22
Shelly,Mendez,52122484831,shelly.mendez@yahoo.com,629-942-5442x25420,"8389 Garcia Villages Suite 016, South Billyshire, WI 43174",1952-12-24
Joy,Goodwin,03061748905,joy.goodwin@gmail.com,+1-792-657-7318,"549 Wolfe Turnpike, Fishermouth, MT 41609",2003-06-17
Dylan,Watts,00112446119,dylan.watts@hotmail.com,(636)322-3733x596,"92133 Monica Manors, Port Jeffrey, NJ 46310",2000-11-24
Mallory,Mendoza,03101653757,mallory.mendoza@yahoo.com,564.390.9379x217,"PSC 0298, Box 4368, APO AE 78388",2003-10-16
Kathleen,Rush,80060630402,kathleen.rush@yahoo.com,001-692-848-8041x32215,"586 Rodriguez Dam Suite 546, Hunterland, NE 62511",1980-06-06
Anthony,Bright,58061383466,anthony.bright@gmail.com,+1-494-900-4392x283,"9227 Taylor Forks Suite 461, West Sonya, MT 07185",1958-06-13
Victor,Phillips,67102391482,victor.phillips@gmail.com,457.684.9480x2028,"5454 Tonya Ferry, North Steven, MD 97517",1967-10-23
Catherine,Mcconnell,60062469277,catherine.mcconnell@yahoo.com,001-301-462-5968x80629,"205 Kathy Hill Apt. 962, Lewisburgh, PA 93723",1960-06-24
Heather,Alexander,65090380388,heather.alexander@gmail.com,+1-658-803-7990,"58991 Matthew Cliff, Nelsonberg, VT 67247",1965-09-03
Christina,Leach,58103123642,christina.leach@hotmail.com,226-581-8784,"93994 Cooper Cliff, Port Davidside, OK 22563",1958-10-31
Danielle,Norman,82020685338,danielle.norman@yahoo.com,884-430-6951,"2043 Castro Locks Apt. 750, Vegaport, TN 19620",1982-02-06
Philip,Daniel,60020279997,philip.daniel@yahoo.com,395.324.2903,"16140 Amy Meadows Apt. 914, Stokestown, KY 73488",1960-02-02
Deborah,Beck,62061356960,deborah.beck@yahoo.com,(944)788-8922,"96169 Jennifer Run Apt. 394, Mariamouth, MO 78374",1962-06-13
Jade,Clark,86083044715,jade.clark@hotmail.com,(304)456-4267x53845,"790 Phelps Throughway Suite 507, Willisberg, OK 31476",1986-08-30
Amy,Nixon,56100180028,amy.nixon@yahoo.com,5569195939,"717 Dillon Vista, Ricebury, NC 41894",1956-10-01
Patricia,Jenkins,94012075983,patricia.jenkins@hotmail.com,923-283-4871x8994,"68381 Mcguire Hollow Suite 368, West Cynthiafort, IA 26229",1994-01-20
Bryan,White,49011439346,bryan.white@yahoo.com,(399)854-1132,"521 Stewart Plain Apt. 138, Smithville, CO 42784",1949-01-14
Derrick,Curtis,69112440667,derrick.curtis@hotmail.com,+1-770-809-6668x718,"123 Andrew Corners, Port Heathermouth, ME 45494",1969-11-24
Kathryn,Thompson,47071497018,kathryn.thompson@hotmail.com,544-624-9441x2991,"38845 Troy Stream Suite 525, Penningtonmouth, VI 91747",1947-07-14
Jacqueline,Saunders,71020468366,jacqueline.saunders@gmail.com,+1-544-855-4942x77937,"14372 Stewart Run Suite 302, Kathrynborough, NY 03152",1971-02-04
Alan,Strickland,50030999558,alan.strickland@yahoo.com,615-760-4183x80558,"68121 Hoffman Wall, Priceburgh, NE 78378",1950-03-09
Shannon,Bennett,78012667194,shannon.bennett@hotmail.com,966-851-6887x7823,"81931 Adams Turnpike, Port Nicole, NE 44814",1978-01-26
Stacy,Quinn,02011370312,stacy.quinn@yahoo.com,720.722.7762x567,"33428 Krause Oval Suite 717, Kevinmouth, TN 06741",2002-01-13
Julie,Reynolds,68012652332,julie.reynolds@gmail.com,(919)588-9780x843,"8197 Dougherty Valleys, Craigmouth, NY 07418",1968-01-26
John,Brennan,53060650326,john.brennan@yahoo.com,+1-848-726-0751x553,"1195 George Fords Suite 789, South Jamesberg, MH 88191",1953-06-06
Brenda,Norton,77111058763,brenda.norton@hotmail.com,+1-315-666-0717x816,"209 Cook Court Apt. 447, Lake Donald, KS 94112",1977-11-10
Joel,Brown,98092468719,joel.brown@hotmail.com,259.414.8201,"4401 Brown Loaf Suite 289, Franklinbury, ND 22722",1998-09-24
Maria,Chang,96071448547,maria.chang@gmail.com,+1-213-909-5383,"31863 Thompson Rapid Suite 018, East Anthonyland, NM 38059",1996-07-14
Deanna,Burgess,76121562988,deanna.burgess@hotmail.com,(424)495-8923,"7738 Gutierrez Drive, Byrdberg, AR 05315",1976-12-15
Rachel,Rivers,94092925216,rachel.rivers@hotmail.com,706-471-4587,"1693 Rebecca Light Suite 860, West Austinborough, NJ 36959",1994-09-29
Marcia,Mathis,92102920057,marcia.mathis@yahoo.com,830.892.4136,"6088 Terry Ridges Suite 310, Jamesburgh, MN 21631",1992-10-29
David,Gomez,94071450052,david.gomez@yahoo.com,2113941432,"2987 Benjamin Row Suite 663, Port Matthewchester, DE 68535",1994-07-14
Anthony,Lopez,65091574249,anthony.lopez@gmail.com,2243611876,"330 Johnson Courts, North Jennifer, AS 65075",1965-09-15
Matthew,Moses,65020222238,matthew.moses@gmail.com,(277)426-5788,"9908 Michael Lock, Bryanside, PA 76608",1965-02-02
Teresa,Thompson,81010114533,teresa.thompson@yahoo.com,001-845-262-0643,"68915 Morgan Forest Apt. 949, Tamarafort, MI 85855",1981-01-01
Emily,Brown,64092377617,emily.brown@gmail.com,+1-901-246-4936x97883,"83260 Johnson Overpass Apt. 250, Lake Rachelberg, VA 07797",1964-09-23
Sandra,Allen,87022776111,sandra.allen@yahoo.com,7147336461,"0190 Johnson Loaf Suite 410, Lake Masonmouth, LA 43469",1987-02-27
Bryan,Reyes,83021359542,bryan.reyes@yahoo.com,(936)439-3342,,1983-02-13
Jenna,Lam,77061415166,jenna.lam@gmail.com,4063255362,"9264 Morgan Club Suite 832, Grayview, NC 67244",1977-06-14
Ryan,Navarro,50011852739,ryan.navarro@gmail.com,001-805-894-3861x64852,"4101 Kimberly Lakes, Walshland, SD 19941",1950-01-18
Tim,Collier,87072914098,tim.collier@hotmail.com,+1-407-649-8758x10622,"PSC 8084, Box 1231, APO AE 09936",1987-07-29
Anna,Garcia,01020989582,anna.garcia@gmail.com,(743)548-4727x07251,"81146 Newman Corner Apt. 534, Port Brianport, KS 43603",2001-02-09
Francisco,Rodriguez,59010648266,francisco.rodriguez@hotmail.com,405-876-7017,"67183 Gomez Fork Suite 391, West Heather, RI 34701",1959-01-06
Zachary,Washington,99031883714,zachary.washington@hotmail.com,959.592.9898x0618,"048 Bishop Pass Suite 737, New Elizabethton, VI 08330",1999-03-18
Evan,Garcia,52010749293,evan.garcia@hotmail.com,279-641-5108x303,"9577 Erica Ferry, Lake Jenniferbury, GA 13443",1952-01-07
Courtney,Day,98061036425,courtney.day@yahoo.com,334.216.4476x0305,"64835 Adam Hollow, East Danielle, TN 80427",1998-06-10
David,Davis,65031919292,david.davis@yahoo.com,596-345-5174x4274,"71058 Bobby Parkways, Port Todd, NY 88987",1965-03-19
Adrian,Hooper,84080156111,adrian.hooper@gmail.com,314.760.2635,"5143 Sandy Shoal, East Brianborough, CT 21419",1984-08-01
Austin,Erickson,58021945079,austin.erickson@yahoo.com,651-891-3873x99623,"0424 Mora Pass, South Lindsey, WA 28464",1958-02-19
Benjamin,Whitehead,78100773449,benjamin.whitehead@gmail.com,916.521.6705x392,"0613 Lee Manor Suite 970, Hardyburgh, MD 44251",1978-10-07
Linda,Moore,01022042927,linda.moore@hotmail.com,+1-528-439-8912,"6880 Rich Shore, South Kimberlyview, IA 06932",2001-02-20
Jessica,Stevens,45073159288,jessica.stevens@gmail.com,297-502-4187x88435,"754 Jessica Valleys, Sherryhaven, MT 27049",1945-07-31
Tyler,Buchanan,68021188748,tyler.buchanan@yahoo.com,559-953-3114,"02554 Patricia Harbor Apt. 963, West Loritown, GA 73152",1968-02-11
Thomas,Nunez,02060812799,thomas.nunez@yahoo.com,801-395-3950x9495,,2002-06-08
Laura,Mcknight,90030217293,laura.mcknight@hotmail.com,870-606-2700x279,"337 Sarah Wall, Jessemouth, WI 78343",1990-03-02
Linda,Gardner,88011487953,linda.gardner@hotmail.com,(616)302-9745x977,"8410 Heather Trail, Montgomeryville, CA 87409",1988-01-14
Donna,Whitaker,82122281236,donna.whitaker@yahoo.com,(977)321-7995x7536,"487 Kyle Corners Suite 081, Hamiltonfort, HI 88020",1982-12-22
Sierra,Anderson,91050175898,sierra.anderson@hotmail.com,(374)305-6334x82272,"20567 Stephanie Expressway, North Timothyview, OK 31503",1991-05-01
Aaron,Thompson,44111896071,aaron.thompson@hotmail.com,(932)718-7624x584,"4403 Kennedy Tunnel, Wilsonstad, VT 32798",1944-11-18
Marc,Fowler,51020231584,marc.fowler@hotmail.com,361-363-1057,"6719 Gonzalez Cove, North Leeburgh, SC 75281",1951-02-02
Joanna,Adams,69073198868,joanna.adams@gmail.com,(418)434-9383x4745,"1947 Hunt Centers, East Michael, CT 11030",1969-07-31
Lisa,Torres,79011819676,lisa.torres@hotmail.com,993.239.2741,"406 Kimberly Court, South Joel, KY 56584",1979-01-18
Debra,,47021943184,debra.barnes@yahoo.com,508.880.7082x71184,"33492 Tracy Mill, Wilsonburgh, PR 18664",1947-02-19
Steven,Gaines,64081189219,steven.gaines@hotmail.com,320-841-5576,"64988 Rodgers Union, East Davidmouth, MT 33006",1964-08-11
Victor,Leblanc,47090744180,victor.leblanc@gmail.com,+1-265-912-8062x298,"568 Beard Lake, South Caitlynland, LA 50111",1947-09-07
Toni,Kelly,,toni.kelly@hotmail.com,,"3523 Bell Keys, Matthewview, MP 63369",1970-12-11
William,Long,64072318408,william.long@gmail.com,643-987-2261x68683,"5900 Brandy Pass Apt. 726, Georgeville, IL 94678",1964-07-23
Andrew,Cross,56020489277,andrew.cross@hotmail.com,273.249.1930x4525,"299 Morales Roads, Valdezbury, SC 03543",1956-02-04
Katherine,Navarro,76061178210,katherine.navarro@hotmail.com,835-847-7310,"31399 Flores Station, South Aliciaport, IN 31068",1976-06-11
Adam,Peterson,85040429683,adam.peterson@gmail.com,676-452-1032,"9433 Diana Glen Apt. 712, Amandamouth, SC 81457",1985-04-04
Dominique,Sanchez,59010643435,dominique.sanchez@hotmail.com,979.929.9371,"165 Yu Walk Suite 194, North Kevin, NM 17007",1959-01-06
Kimberly,Stephens,86020555759,kimberly.stephens@hotmail.com,+1-975-794-6779x4156,"468 Thomas Mission, Anthonymouth, PR 82738",1986-02-05
Amy,Martinez,86051810023,amy.martinez@hotmail.com,001-515-998-4096x85929,"3373 Maria Prairie Apt. 228, Monicashire, WI 23167",1986-05-18
Gabriel,Owens,93111762757,gabriel.owens@yahoo.com,(554)904-2443x260,"USNS Love, FPO AP 64607",1993-11-17
Aaron,Velasquez,63062346433,aaron.velasquez@hotmail.com,(807)355-0650x216,"85308 Dillon Valley, South Jeffreyland, VT 23659",1963-06-23
Ana,Chandler,84082059972,ana.chandler@yahoo.com,264-772-7689x720,"2327 Eric Roads, Lake Johnton, MH 00980",1984-08-20
Ana,Murphy,95062412090,ana.murphy@hotmail.com,978.618.0313x384,"262 Buchanan Wells, Roweton, AL 52771",1995-06-24
Jenna,Silva,62050924878,jenna.silva@hotmail.com,909.760.2761,"971 Benjamin Camp Apt. 293, South Justin, MP 83804",1962-05-09
Nancy,Gonzalez,67040272312,nancy.gonzalez@hotmail.com,+1-975-880-0084x2325,"6339 Nicole Circle, New Antonio, NC 88090",1967-04-02
Donald,Martinez,97021832376,donald.martinez@gmail.com,(364)248-0117x803,"74078 Jeffrey Crossing Suite 597, Griffinfurt, AZ 31095",1997-02-18
Whitney,Smith,80120412958,whitney.smith@yahoo.com,(978)608-5009x43165,"5420 Harris Point Suite 829, East Kimberly, MS 80580",1980-12-04
Katherine,Carter,75122329950,katherine.carter@gmail.com,272.348.7981x5676,"421 Smith Creek, East Stacyport, AK 28649",1975-12-23
Juliusz,Jakiel,24282246970,jeremi34@yahoo.com,+48 535 932 374,"ulica Szmaragdowa 30/74
19-949 Częstochowa",1973-12-19
Kornelia,Matla,77080800945,jeremichowaniak@interia.pl,570 360 849,"ulica Strumykowa 24
39-069 Szczecinek",1956-06-28
Karol,Rejniak,89090220608,maciej07@ppuh.com,+48 733 085 511,"aleja Rycerska 01
92-116 Środa Wielkopolska",1999-06-23
Agnieszka,Szmuc,24272934317,oskar53@gabinety.com,+48 575 963 724,"pl. Ceglana 94
26-522 Czerwionka-Leszczyny",1989-04-15
Mariusz,Lenik,74101494637,gamonblanka@wawryniuk.pl,22 501 56 02,"ulica Kaliska 601
16-354 Wejherowo",1967-10-15
Mateusz,Rurarz,97080312592,kraszkiewicztobiasz@yahoo.com,22 599 78 85,"pl. Hutnicza 17/28
72-076 Bielsko-Biała",1997-01-20
Nela,Rybus,98111132879,lszoka@yahoo.com,+48 518 530 436,"al. Słowianska 876
11-273 Będzin",1946-05-17
Maksymilian,Chwała,92051427802,gabrielhnat@soltan-kornek.com,+48 663 058 254,"pl. Jasna 62
06-322 Śrem",1959-09-24
Aleks,Wdowczyk,78122173270,nelawziatek@o2.pl,+48 22 839 17 65,"aleja Bałtycka 56/07
84-474 Biłgoraj",1967-05-23
Aniela,Franiak,72102865748,franciszeklapaj@grupa.pl,+48 691 043 773,"ulica Kazimierza Wielkiego 134
42-905 Świecie",1947-06-24
Julian,Brojek,99033049869,bmlotek@interia.pl,518 353 315,"ulica Chabrowa 261
72-461 Żary",1970-04-21
Damian,Żakiewicz,90021178602,aleksander31@spoldzielnia.pl,+48 575 556 396,"ulica Korczaka 40
61-553 Kluczbork",1984-10-02
Bruno,Salwin,18273006308,jeremi40@gabinety.pl,667 096 902,"al. Mazowiecka 169
07-330 Będzin",1949-06-13
Kaja,Koziatek,90102072838,kblasik@stowarzyszenie.com,+48 721 671 064,"aleja Łączna 91
14-513 Świnoujście",1946-04-26
Fryderyk,Ludwisiak,96031242447,robert89@gmail.com,+48 32 108 88 38,"al. Piekarska 37/94
14-580 Wejherowo",1981-10-31
Tadeusz,Halik,98092374116,ernest38@siatka-maslon.com,734 132 660,"al. Orzeszkowej 93
91-881 Żory",1945-03-04
Łukasz,Adamaszek,99122592667,xzyzik@ozieblo.com,503 362 033,"al. Wiklinowa 694
59-984 Legnica",1993-12-14
Mikołaj,Dorobek,24310430225,ida48@onet.pl,502 587 518,"ul. Żeromskiego 656
94-820 Łódź",2004-05-05
Eryk,Pilich,98012074261,patryk15@gmail.com,+48 731 316 499,"aleja Miła 67/39
05-157 Bochnia",1994-10-21
Józef,Buk,89090920256,vgraban@hotmail.com,+48 32 107 38 88,"pl. Plater 547
24-077 Zielona Góra",2002-07-05
